<?xml version="1.0" encoding="UTF-8"?>
<project-private xmlns="http://www.netbeans.org/ns/project-private/1">
    <editor-bookmarks xmlns="http://www.netbeans.org/ns/editor-bookmarks/2" lastBookmarkId="0"/>
    <open-files xmlns="http://www.netbeans.org/ns/projectui-open-files/2">
        <group>
            <file>file:/C:/Users/kenic/Documents/NetBeansProjects/Prueba01Crito08/src/PracticasCripto_Practica03/Archivo.java</file>
            <file>file:/C:/Users/kenic/Documents/NetBeansProjects/Prueba01Crito08/src/PracticasCripto_Practica03/RGBQUAD.java</file>
            <file>file:/C:/Users/kenic/Documents/NetBeansProjects/Prueba01Crito08/src/PracticasCripto_Practica03/Practica03.java</file>
        </group>
    </open-files>
</project-private>
